"","population_ysw.Group.1","population_ysw.Group.2","population_ysw.x","budget_ysw.x","inmate_expenditure_ysw.x","expenditure_ysw.x","deaths_ysw.x","escapes_ysw.x","movement_ysw.x","recidivism_ysw.x","as.numeric.voc_df.x.","rehabilitation_ysw.x","edu_facility_ysw.x"
"1",2001,"A & N Islands",0.346895074946467,0,0.309145446543423,0,0,0,0.247117296222664,0.125,0.380645161290323,0.230300187617261,0.508019801980198
"2",2002,"A & N Islands",0.235546038543897,0.135060562128794,0.543158130240756,0.147490236558431,0,0,0.195029821073559,0.125,0.348387096774194,0.230300187617261,0.508019801980198
"3",2003,"A & N Islands",0.160599571734475,0.0579899920497592,0.286058993443237,0.06684499025309,0,0,0,0.0625,0.767741935483871,0,0.262376237623762
"4",2004,"A & N Islands",0,0.126268531076088,0.371301314101898,0.122022055684225,0.5,0,0.0447316103379722,0,1,0.183864915572233,0.648514851485149
"5",2005,"A & N Islands",0.00642398286937901,0.156666510779591,0.259929326070755,0.12260806343211,1,0,0.321073558648111,0.875,0.225806451612903,0,0
"6",2006,"A & N Islands",0.267665952890792,0.205420193611748,0.355108475897428,0.202571466878092,0,0,0.321073558648111,0.875,0.225806451612903,0.25891181988743,0.643564356435644
"7",2007,"A & N Islands",0.411134903640257,0.215124164055558,0.524584029337425,0.261989235991949,0,0,0.161431411530815,0.40625,0.193548387096774,0.174484052532833,0.603960396039604
"8",2008,"A & N Islands",0,0.779474348781742,0.033655326391027,0.451375492604452,0,0,0.947713717693837,0.25,0.2,0.0900562851782364,0.306930693069307
"9",2009,"A & N Islands",0.0149892933618844,0.717930131412805,0,0.710340987076731,0,0,0.687673956262425,0.53125,0,0.135084427767355,0.599009900990099
"10",2010,"A & N Islands",1,1,1,1,0.5,1,1,1,0.238709677419355,1,1
"11",2001,"Andhra Pradesh",0.204708290685773,0,0.00198989283866706,0.42024908414916,0.0212765957446809,0,0.977556173984745,0.225279709706683,0.358602846054334,0.641823444283647,0
"12",2002,"Andhra Pradesh",0.318321392016377,0.182544340899538,0.0180584642968396,0,0.51063829787234,0.159090909090909,1,0,0.290556274256145,0.402315484804631,0.0900430936720345
"13",2003,"Andhra Pradesh",0.543841692255203,0.839787659907754,0,0.428853478641892,0.531914893617021,0.318181818181818,0,0.0659207741155125,0,0.440303907380608,0.16613744613291
"14",2004,"Andhra Pradesh",0.474582053906517,0.379553285920341,0.063685890210315,0.595732129400091,0.765957446808511,0.227272727272727,0.402313955885384,0.0244934986392501,0.263648124191462,0,0.350986618280789
"15",2005,"Andhra Pradesh",0.724326168543159,0.371256320857952,0.0477898043569239,0.55523236980028,0.872340425531915,0.363636363636364,0.0670652099223528,0.199274266706985,0.466494178525226,0.592257597684515,0.372684660164814
"16",2006,"Andhra Pradesh",1,0.49437209879332,0.22788183054999,0.433952917935445,0.702127659574468,1,0.0469147254861541,1,0.163260025873221,0.956946454413893,0.792696756634157
"17",2007,"Andhra Pradesh",0.871716137836916,0.822227200936163,0.447564007555516,0.461769549991305,0.446808510638298,0.659090909090909,0.435159417302274,0.286967039612942,0.494695989650711,0.782199710564399,1
"18",2008,"Andhra Pradesh",0.542476970317298,0.418921746343577,1,0.778073343085738,1,0.522727272727273,0.36665120593692,0.27608104021772,0.446313065976714,0.382778581765557,0.633703787706963
"19",2009,"Andhra Pradesh",0.10849539406346,0.750385593165419,0.544433933515563,0.676674930067983,0.595744680851064,0.454545454545455,0.297541743970315,0.175385545811914,0.980853816300129,0.954775687409551,0.656762682392077
"20",2010,"Andhra Pradesh",0,1,0.599017515938319,1,0,0.636363636363636,0.298263244691816,0.234653764741458,1,1,0.407386406592576
"21",2009,"Arunachal Pradesh",1,0,1,0,0,0,0,0,0,0,0
"22",2010,"Arunachal Pradesh",0,1,0,1,0,0,1,0,0,1,0
"23",2001,"Assam",0,0,0,0.192086631480364,0,0,0.390422200751976,0.0489296636085627,0,0.072463768115942,0.190680235672201
"24",2002,"Assam",0.257864421798848,0.0134797444527896,0.0938728396889075,0.233026886667522,0.388888888888889,0.2,0.533181230865936,0.0305810397553517,0.137931034482759,0.63768115942029,0
"25",2003,"Assam",0.510412051395658,0.245614157092919,0.196541181539025,0.362092174278685,0.388888888888889,0.08,0.3821690898297,0.0886850152905199,0.177339901477833,0.217391304347826,0.827530798071773
"26",2004,"Assam",0.595037660611431,0.62661455580591,0.389311204499695,0.317372986639945,0,0.24,1,1,0.216748768472906,0.130434782608696,0.328869844670595
"27",2005,"Assam",0.89853788214444,0.565432974491641,0.455579163395042,0.461999066188657,0.444444444444444,1,0.563260269826673,0.54434250764526,0.463054187192118,0.181159420289855,0.437064809855383
"28",2006,"Assam",0.909614532565352,0.64908852355652,0.580294278472468,0,0.333333333333333,0.12,0.403180183221391,0.0886850152905199,0.886699507389163,0,0.297268344938404
"29",2007,"Assam",0.983606557377049,0.48375476369301,0.719699506658195,0.669638298279002,0.722222222222222,0.28,0.0826358736773488,0.143730886850153,0.733990147783251,0.260869565217391,0.694697375468666
"30",2008,"Assam",1,0.726809739723868,0.718504339477978,1,1,0,0.152164550036668,0.168195718654434,1,0.231884057971014,1
"31",2009,"Assam",0.742135578201152,0.700369504946823,0.802920273808856,0.934513066532693,0.833333333333333,0.04,0,0.55045871559633,0.630541871921182,0.818840579710145,0.947509373326192
"32",2010,"Assam",0.636685866194063,1,1,0.858177776382218,0.166666666666667,0.2,0.00934731744793789,0,0.467980295566502,1,0.487412961971077
"33",2001,"Bihar",0.385097406626132,0,0.0504373781615665,0,0.436842105263158,0.284313725490196,0.764608971318739,0.522075557578516,0.364958603714478,0,0
"34",2002,"Bihar",0.471522521404641,0.0222511478076606,0.177666297367511,0.350960727167417,0.615789473684211,0.970588235294118,0,0.0919435593991807,0,0.497368421052632,0.167419421063437
"35",2003,"Bihar",0.47294949745626,0.0174117606138764,0.186770398103284,0.356729833965277,0,0,0.045217709659436,0.0910332271279017,0.304542403222197,0,0.145863272428659
"36",2004,"Bihar",0.209269140091823,0.0553117341260073,0,0.388058976910286,0.536842105263158,1,0.783333749365551,1,0.030431863951667,0.706578947368421,0.122459453910901
"37",2005,"Bihar",1,0.0696263070024294,0.102241460574385,0.417239939213801,1,0.950980392156863,1,0.119253527537551,1,1,0.121843563949908
"38",2006,"Bihar",0.904640774289614,0.138035911129186,0.304085296883405,0.313735842965711,0.910526315789474,0.450980392156863,0.730214755830692,0.082385070550751,0.861266502573283,0.268421052631579,0.0853007595976186
"39",2007,"Bihar",0.616577739173595,0.42462896916705,0.646824155558606,0.600299938436143,0.857894736842105,0.401960784313726,0.803316608838188,0.0728265817023213,0.757887670619825,0,0.0622048860603572
"40",2008,"Bihar",0.496897878148654,1,0.41288376386861,1,0.742105263157895,0.57843137254902,0.646147957697844,0.0619025944469731,0.19310807786977,0,0.0887908027099158
"41",2009,"Bihar",0.248852214915002,0.454338525669153,1,0.649778123240055,0.58421052631579,0.549019607843137,0.630480184385479,0.00682749203459263,0.122622510628776,0.139473684210526,0.932354752617532
"42",2010,"Bihar",0,0.52106420365158,0.840593045488647,0.707199247040851,0.452631578947368,0.215686274509804,0.62644467187539,0,0.195569478630566,0.173684210526316,1
"43",2001,"Chandigarh",0,0,0.224740310140661,0,0.4,0.125,0.185368697172836,0.1,0.596273291925466,0.0490196078431373,0.298387096774194
"44",2002,"Chandigarh",0.138248847926267,0.0446097484698208,0.329840673104765,0.0382777847939932,0.8,0.5,0.435441562226756,0.0333333333333333,0.428571428571429,0.175070028011204,0.717741935483871
"45",2003,"Chandigarh",0.456221198156682,0.0624804539159183,0.35611576384579,0.0630895486557449,0.4,0.25,0.495482366656951,0.15,0.807453416149068,0.301120448179272,1
"46",2004,"Chandigarh",0.566820276497696,0.113858732073449,0.0531639676017621,0.0406461804353422,0.6,1,0.498979889245118,0.0166666666666667,0,0.264705882352941,0
"47",2005,"Chandigarh",0.133640552995392,0.140955189206094,0.48749121755092,0.142306743821628,0.6,0.375,0.30224424366074,1,0.180124223602484,0.340336134453782,0.17741935483871
"48",2006,"Chandigarh",0.0552995391705069,0.214381450207747,0.551865189866433,0.216471361619301,0.6,0.125,0.496939667735354,0.716666666666667,0.53416149068323,0,0.298387096774194
"49",2007,"Chandigarh",0.345622119815668,0.422418799982129,0.585365930561241,0.426536776932476,0,0,0,0.0333333333333333,1,0.456582633053221,0.57258064516129
"50",2008,"Chandigarh",0.460829493087558,0.51371576642988,0,0.518723757753366,0.2,0,0.709705625182163,0,0.416149068322981,0.57703081232493,0.766129032258065
"51",2009,"Chandigarh",1,0.835388464459635,0.599747732853795,0.84353230285266,0.2,0,1,0.0833333333333333,0.242236024844721,0.717086834733894,0.854838709677419
"52",2010,"Chandigarh",0.986175115207373,1,1,1,1,0,0.539492859224716,0.0166666666666667,0.577639751552795,1,0.854838709677419
"53",2001,"Chhattisgarh",0.198815984213123,0,0.00203511647148252,0,0.103448275862069,0,1,0.00239808153477218,0.236713735558408,0.10217654171705,0.0267809319764328
"54",2002,"Chhattisgarh",0.282437099161322,0.337246492181499,0,0.493300697705952,0,0.0678466076696165,0.00199218779589291,0,0.354300385109114,0.267835550181379,0
"55",2003,"Chhattisgarh",0,0.337246492181499,0.504252444781536,0.298998484981169,0.482758620689655,0.0265486725663717,0.0564554206950185,0.366906474820144,0.444415917843389,0,0.0803427959292983
"56",2004,"Chhattisgarh",0.0029600394671929,0.402448762761548,0.0338029336443057,0.265958933558858,0,0.0176991150442478,0.024605665489197,0.0215827338129496,1,0,0.178896625602571
"57",2005,"Chhattisgarh",0.236803157375432,0.23319834844844,0.172317902169568,0.186269137587704,1,0.0766961651917404,0,0.0143884892086331,0.151732991014121,0.333131801692866,0.437600428494912
"58",2006,"Chhattisgarh",0.369511593487913,0.829591440490966,0.18302026561746,0.618348571287116,0.655172413793103,0.0324483775811209,0.0426666532002515,0,0.0608472400513479,0.286577992744861,0.634172469201928
"59",2007,"Chhattisgarh",0.392205229403059,0.508090097020016,0.253647909017058,0.479963013494351,0.655172413793103,1,0.0920168565852033,0,0.0698331193838254,0.503627569528416,0.306373861810391
"60",2008,"Chhattisgarh",0.584361124814998,0.681378016489034,0.388330479659242,0.458984926692415,0.344827586206897,0.0383480825958702,0.0786295565930306,0,0,0.60217654171705,0.645956079271559
"61",2009,"Chhattisgarh",0.809324124321658,1,1,1,0,0.0737463126843658,0.102760530947085,0,0.0390243902439024,0.195284159613059,0.772362078200321
"62",2010,"Chhattisgarh",1,0.957132980343796,0.632003675934875,0.855143520445055,0.241379310344828,0.0383480825958702,0.135095077099435,1,0.061617458279846,1,1
"63",2001,"D & N Haveli",0.958333333333333,0,0.260503289473684,0.525669473684211,0,0,0,0,0,0,0
"64",2002,"D & N Haveli",0.916666666666667,0.222222222222222,0.0970394736842105,0.421052631578947,0,0,0,0,0,0,0
"65",2003,"D & N Haveli",1,0.222222222222222,0.0970394736842105,0.421052631578947,0,1,0,0,0,0,0
"66",2004,"D & N Haveli",0.0347222222222222,0.222222222222222,0.0970394736842105,0.421052631578947,0,0,0,0,0,0,0
"67",2005,"D & N Haveli",0.00694444444444444,0.222222222222222,0.261513157894737,0.526315789473684,0,0,0.13262599469496,0,0,0,0
"68",2006,"D & N Haveli",0.0347222222222222,0.222222222222222,0.261513157894737,0.263157894736842,0,0,0.141467727674624,0,0,0,0
"69",2007,"D & N Haveli",0,0.666666666666667,0,0,1,0,1,0,0,0,0
"70",2008,"D & N Haveli",0.125,1,0.0230263157894737,0.373684210526316,0,0,0.995579133510168,0,0,0.5,0
"71",2009,"D & N Haveli",0.194444444444444,1,0.998355263157895,0.997894736842105,0,0,0.984084880636605,0,0,0,0
"72",2010,"D & N Haveli",0.0972222222222222,1,1,1,0,0,0.789566755083996,1,0,1,0
"73",2001,"Daman & Diu",0.358974358974359,0.0689512799339389,0,0.325337966537967,0,0,1,0,0,0,0
"74",2002,"Daman & Diu",0.153846153846154,0,0.00282114479971217,0.0946563706563707,0,0,0.942408376963351,0,0,0,0
"75",2003,"Daman & Diu",0.153846153846154,0.189925681255161,0.0418094331819084,0.494980694980695,0,0,0.445026178010471,0,0,0,0
"76",2004,"Daman & Diu",0,0.428158546655657,0.144988012656483,0.54122676962677,0,0,0.308900523560209,0,0,0,0
"77",2005,"Daman & Diu",0.205128205128205,0.261354252683732,0.340995369825519,0.298584298584299,0,0,0.392670157068063,0,0,0,0
"78",2006,"Daman & Diu",0.692307692307692,0.312551610239472,0.419873098921643,0,0,0,0.25130890052356,0,0,0,0
"79",2007,"Daman & Diu",1,0.324938067712634,0.708040094553745,0.579150579150579,0,0,0.25130890052356,0,0,0,0
"80",2008,"Daman & Diu",0.41025641025641,0.510734929810074,0.739143300033289,0.694980694980695,0,0,0,0,0,0,0
"81",2009,"Daman & Diu",0.333333333333333,0.925681255161024,0.796810324246714,0.953667953667954,0,0,0.25130890052356,0,0,0,0
"82",2010,"Daman & Diu",0.0769230769230769,1,1,1,0,0,0.329842931937173,0,0,0,0
"83",2001,"Delhi",0.0656446540880503,0,0,0.21016617337073,0.482758620689655,0.0769230769230769,0,0.0956937799043062,0,0,0.825593542260209
"84",2002,"Delhi",0.465801886792453,0.210533686316546,0.00878709860227289,0.416425026961066,0.517241379310345,0.0384615384615385,0.471091120312174,0.11244019138756,0.0391872278664731,0.165497076023392,1
"85",2003,"Delhi",0.517295597484277,0.229037502921791,0.309101244389739,0.428260754309533,0.137931034482759,0.0769230769230769,0.240490304131542,0.26555023923445,0.0578478125647937,0.517543859649123,0.10997150997151
"86",2004,"Delhi",0.689465408805031,0.285949352881272,0.113662368744305,0.473787182042645,1,0.307692307692308,0.830895713562301,0.181818181818182,0.0617872693344391,0.429824561403509,0.161918328584995
"87",2005,"Delhi",0.574292452830189,0.232049392936835,0.163294692644042,0.294207862908969,0.448275862068966,1,0.498927645884841,0,0.0431266846361186,0.37719298245614,0.121747388414055
"88",2006,"Delhi",1,0.274246744327092,0.318601767286157,0,0.310344827586207,0.0384615384615385,0.777829078669089,0.383572567783094,0.0648973667841592,0.646783625730994,0.0688034188034188
"89",2007,"Delhi",0.294418238993711,0.816968730918261,0.910259156298899,0.737111242803764,0.827586206896552,0.192307692307692,1,0.841307814992026,0.0783744557329463,0.916959064327485,0.0324311490978158
"90",2008,"Delhi",0.273977987421384,1,0.656190548128955,0.714208327857208,0,0.0384615384615385,0.377826099907658,0.893939393939394,0.0607505701845324,1,0.0321937321937322
"91",2009,"Delhi",0.153301886792453,0.740794171040343,1,0.955356283982664,0.103448275862069,0.0769230769230769,0.421286229185905,0.811004784688995,0.123367198838897,0.865497076023392,0.0160968660968661
"92",2010,"Delhi",0,0.785147726769575,0.927312793881692,1,0.206896551724138,0,0.378436746001013,1,1,0.583625730994152,0
"93",2001,"Goa",0.555555555555556,0.0213470475163118,0,0.0184516736968063,0.428571428571429,0.214285714285714,0.761287820015516,1,0.161764705882353,0,0
"94",2002,"Goa",0,0.138112043502579,0.236927117546959,0.0642634102704245,0.142857142857143,0.428571428571429,0.313964313421257,0.285714285714286,1,0.166666666666667,0
"95",2003,"Goa",1,0,0.56708442566744,0,0,0.0714285714285714,0.461365399534523,0.571428571428571,0.0735294117647059,0.122950819672131,0.161290322580645
"96",2004,"Goa",0.416666666666667,0.0829543478420818,0.422548458002531,0.0715257503933293,0.285714285714286,0,0.87944142746315,0,0,0.040983606557377,0.161290322580645
"97",2005,"Goa",0.177777777777778,0.0147354416009373,0.688886433680759,0.024374983412232,1,0.357142857142857,0.729247478665632,0,0.676470588235294,0.265027322404372,0.274193548387097
"98",2006,"Goa",0.155555555555556,0.0369525091839767,1,0.0485794883062288,0,0.642857142857143,0.495500387897595,0,0.529411764705882,0.281420765027322,1
"99",2007,"Goa",0.0777777777777778,0.405167516730348,0.865129813125302,0.229927492009629,0,1,0,0,0.558823529411765,0.128415300546448,0.17741935483871
"100",2008,"Goa",0.283333333333333,0.0423917202957526,0.955198589643051,0.0606220688642621,0.428571428571429,0.0714285714285714,0.794647013188518,0,0.691176470588235,0.139344262295082,0.193548387096774
"101",2009,"Goa",0.444444444444444,1,0.362525424414083,0.527168088916756,0.285714285714286,0,0.953064391000776,0,0.367647058823529,0,0.564516129032258
"102",2010,"Goa",0.577777777777778,0.75204853175729,0.629914202485018,1,0,0.642857142857143,1,0.571428571428571,0.294117647058824,1,0.645161290322581
"103",2001,"Gujarat",0,0.0201816528387466,0.0396860152799332,0.047587037382733,0.285714285714286,0.346153846153846,0.312265385755211,0.888888888888889,0,1,0.157894736842105
"104",2002,"Gujarat",0.394517282479142,0.0048175051363519,0.018637340336636,0.0380517533598925,0,0,0.696538822483454,0.148148148148148,0.0483692034612824,0.661266568483063,0.412640207075065
"105",2003,"Gujarat",0.388259833134684,0,0,0.0397080295795075,0.464285714285714,0.307692307692308,0.487509878494517,0.0740740740740741,0.102063456844908,0.134020618556701,0.118421052631579
"106",2004,"Gujarat",0.788736591179976,0.0404991523615992,0.00845320520472723,0.0813786359392959,0.392857142857143,0.217948717948718,0.954867628173466,0.444444444444444,0.128910583536721,0.155228276877761,0.248921484037964
"107",2005,"Gujarat",0.683253873659118,0.170774999719325,0.21691088695237,0.221695082843754,0.571428571428571,0.320512820512821,1,0.555555555555556,0.136232527179942,0.19499263622975,0.315358067299396
"108",2006,"Gujarat",0.855184743742551,0.267180114739927,0.133057777247225,0,1,0.256410256410256,0.222074730811024,0.444444444444444,0.815620146438873,0.239175257731959,0.483822260569456
"109",2007,"Gujarat",0.869785458879619,0.198063342726589,0.265018801480244,0.167946773313818,0.178571428571429,0.205128205128205,0.268466610688531,1,0.955402706900377,0,0.522864538395168
"110",2008,"Gujarat",1,0.358215356288803,0.669248709263459,0.401108592396987,0.464285714285714,1,0,0.481481481481481,0.866208120701132,0.137555228276878,0
"111",2009,"Gujarat",0.89958283671037,0.701749166395348,0.783795138474394,0.719260390524977,0.75,0.641025641025641,0.30799293687642,0.222222222222222,1,0.112223858615611,0.470880069025022
"112",2010,"Gujarat",0.776221692491061,1,1,1,0.714285714285714,0.769230769230769,0.508557245875729,0,0.936765032172177,0.311929307805596,1
"113",2001,"Haryana",0,0,0,0,0.0277777777777778,0.196428571428571,0.162334768386056,0.464646464646465,0.379811996418979,0.876948775055679,0.270184361093452
"114",2002,"Haryana",0.00348310693138279,0.1137613558593,0.0882116342486294,0.116298496291565,0.5,0,0.61029850879304,0,0.379811996418979,0.375278396436526,0.172282263191354
"115",2003,"Haryana",0.261581330546848,0.366694582632017,0.103146547372688,0.369762032961106,0.416666666666667,0.25,0.266656861958624,0.737373737373737,0.247090420769919,0.438752783964365,0.226319135410045
"116",2004,"Haryana",0.230581678857541,0.434771871277935,0.368832802362573,0.370601124416097,0.666666666666667,0.214285714285714,0.438118922195185,0.676767676767677,0.438675022381379,0.423719376391982,0.153846153846154
"117",2005,"Haryana",0.417624521072797,0.434062884736832,0.155731757105654,0.454535039910184,0,0.232142857142857,0.11075754739685,0.757575757575758,0,0,0
"118",2006,"Haryana",0.466388018112156,0.480846883512053,0.208893910680135,0.540678663111457,0.944444444444444,0.375,0,0.676767676767677,0.127126230975828,0.501113585746102,0.371265098537826
"119",2007,"Haryana",0.607802159526297,0.726538058816722,0.893195220879089,0.750897633074521,0.611111111111111,0.178571428571429,0.648808727972832,1,0.143240823634736,0.88195991091314,0.324856961220598
"120",2008,"Haryana",0.940787182166492,0.678696959286129,0.743764752725929,0.626240958035355,1,0.125,1,0.757575757575758,0.249776186213071,0.577951002227171,0.578512396694215
"121",2009,"Haryana",0.866945315221177,0.906937770483378,0.93242515522603,0.936044419113737,0.666666666666667,0.339285714285714,0.576570313126721,0.838383838383838,1,0.901447661469933,1
"122",2010,"Haryana",1,1,1,1,0.722222222222222,1,0.986438306102985,0.424242424242424,0.832587287376902,1,0.827717736808646
"123",2001,"Himachal Pradesh",0.0145348837209302,0.0601125428787458,0,0.0560908833016389,0.2,0.333333333333333,0.794645400170891,0,1,0,0
"124",2002,"Himachal Pradesh",0,0.000782909576069004,0.0117195742005595,0.000782663487929846,0.2,0.733333333333333,1,0.444444444444444,0.298507462686567,0.105882352941176,0.625
"125",2003,"Himachal Pradesh",0.117732558139535,0,0.0108809257715286,0,0.2,1,0.420051267445172,0.166666666666667,0.261194029850746,0.133333333333333,0
"126",2004,"Himachal Pradesh",0.213662790697674,0.556171506557744,0.108228654956726,0.555996687887382,0.7,0.466666666666667,0,0.0555555555555556,0.17910447761194,0.223529411764706,0
"127",2005,"Himachal Pradesh",0.393895348837209,0.459530639744121,0.238799764215069,0.462367772917032,0.7,0.8,0,0,0.17910447761194,0.223529411764706,0
"128",2006,"Himachal Pradesh",0.638081395348837,0.695343004056105,0.109798432785425,0.54518847781597,0.3,0.133333333333333,0.26966676160638,0.166666666666667,0.291044776119403,0.290196078431373,0
"129",2007,"Himachal Pradesh",0.781976744186046,0.447041367935401,1,0.444508137516271,0,0,0.177271432640273,1,0.0373134328358209,0.364705882352941,1
"130",2008,"Himachal Pradesh",0.829941860465116,0.518277915078991,0.235779748214517,0.546982752496894,1,0,0.170948447735688,0.166666666666667,0,0.384313725490196,0
"131",2009,"Himachal Pradesh",0.954941860465116,0.558881544327166,0.258934444271554,0.694122914274481,0.2,0.133333333333333,0.762460837368271,0.0555555555555556,0.0373134328358209,0.686274509803922,0
"132",2010,"Himachal Pradesh",1,1,0.420672202090359,1,0.5,0.2,0.823867843919111,0,0.141791044776119,1,0.583333333333333
"133",2001,"Jammu & Kashmir",0,0,0.236937385900767,0,0,1,0,0.5,0.440740740740741,1,0.046594982078853
"134",2002,"Jammu & Kashmir",0.167741935483871,0.0254527845696884,0.219901957294469,0.0718362090804177,0,0,0.302968064113407,0.5,0.731481481481482,0.154639175257732,0
"135",2003,"Jammu & Kashmir",0.266666666666667,0.0445776681978305,0,0.0777763592277905,0.142857142857143,0,0.158229632314446,0,0.696296296296296,0.175257731958763,0.508960573476703
"136",2004,"Jammu & Kashmir",0.421505376344086,0.159674124696069,0.119319193080056,0.138346488988254,1,0,0.0128065724296243,0.5,0.611111111111111,0.288659793814433,0.584229390681004
"137",2005,"Jammu & Kashmir",0.526881720430108,0.297219693017007,1,0.372822078982183,0.285714285714286,0,0.386371873867343,0.5,0.67037037037037,0,0.17921146953405
"138",2006,"Jammu & Kashmir",0.66989247311828,0.235744660535191,0.550696927012088,0.378106792017339,0.285714285714286,1,0.355160887600177,0.25,0.238888888888889,0,0.301075268817204
"139",2007,"Jammu & Kashmir",0.701075268817204,0.401778741717563,0.961016837105706,0.412322217709669,0,0,0.536023518988361,0,0,0.154639175257732,0.315412186379928
"140",2008,"Jammu & Kashmir",0.712903225806452,0.322727722248935,0.682815574958428,0.153901559779484,0.142857142857143,0,0.51149772461842,0,0.012962962962963,0.134020618556701,0.114695340501792
"141",2009,"Jammu & Kashmir",0.768817204301075,0.662489215355288,0.583252393859109,0.808499270172786,0,0,1,0,1,0.0721649484536082,0.0806451612903226
"142",2010,"Jammu & Kashmir",1,1,0.606405321155968,1,0,0,0.858523619668962,1,0.568518518518519,0.268041237113402,1
"143",2001,"Jharkhand",0.248880129009138,0.081738215142841,0.188110249222907,0.243753423153925,0.783783783783784,0.647058823529412,0.363571971786881,0.0552016985138004,0.0324418420636177,0,0.00746804538273733
"144",2002,"Jharkhand",0,0.544892935051465,0.307917627996375,0.550926285014572,0,1,0.660458388631246,1,0.0765943978477607,0.125790139064475,0
"145",2003,"Jharkhand",0.230603834438273,0,0,0.0110717812931545,0.756756756756757,0.725490196078431,0.884366472316249,0.337579617834395,0.162288336762146,0.238305941845765,0.424673273014505
"146",2004,"Jharkhand",0.424475900376277,0.83748112952486,0.277952135191133,0.972754587446716,0.675675675675676,0.196078431372549,0.778902789997167,0.0785562632696391,0.162209210318088,0.694690265486726,0.350998132988654
"147",2005,"Jharkhand",0.735531266798065,0.0714460795716666,0.508527669558622,0,0.864864864864865,0.803921568627451,1,0.059447983014862,1,0.301517067003793,0.313801522332328
"148",2006,"Jharkhand",1,0.436225495455604,0.477770628417382,0.106172448756318,0.594594594594595,0.117647058823529,0.249019549365503,0.118895966029724,0.314527615128976,0.776232616940582,0.541002441476375
"149",2007,"Jharkhand",0.503135638774413,0.150874974019721,0.31678301338573,0.189165109927145,0.702702702702703,0,0.138180164328,0.127388535031847,0.13673049533154,1,0.548326870601752
"150",2008,"Jharkhand",0.586812399211611,0.868407836477628,0.461507043716069,0.593818245531218,0.648648648648649,0.470588235294118,0,0.418259023354565,0,0.755372945638432,0.841160419359472
"151",2009,"Jharkhand",0.37054291345637,0.993304596572718,0.844504597823608,0.576775030352579,1,0.215686274509804,0.360626891934209,0.0785562632696391,0.207153030542807,0.790771175726928,1
"152",2010,"Jharkhand",0.52212865077943,1,1,1,0.594594594594595,0.0784313725490196,0.0765273407792905,0,0.023184048108878,0.919089759797724,0.977308631337067
"153",2001,"Karnataka",0,0,0.195581081358925,0.277392451451624,0,0,1,1,0,0,0
"154",2002,"Karnataka",0.175632911392405,0.0860827696138165,0.260949096473564,0.303090706614147,0,0.416666666666667,0.458051763248927,0.75,0.0930408472012103,0,0.0848182466143977
"155",2003,"Karnataka",0.304852320675105,0.106230116125123,0.185293955357311,0.383797495540824,0.207547169811321,0.472222222222222,0.516161874765565,0.75,0.190620272314675,0.0271216097987752,0.230933713471133
"156",2004,"Karnataka",0.473628691983122,0.3755639939665,0.262838407067906,0.615704306469869,0.188679245283019,0,0.48433825324339,0,0.245839636913767,1,0.265858873841768
"157",2005,"Karnataka",0.654272151898734,0.489918916604641,0,0.628264130253774,0.339622641509434,0.166666666666667,0.564590936966009,0.25,0.251134644478064,0.21084864391951,0.359942979330007
"158",2006,"Karnataka",0.779008438818565,0.450109999407189,0.241361891024783,0,0.509433962264151,0.222222222222222,0.671505206689808,0.75,0.309379727685325,0.548556430446194,0.51176051318603
"159",2007,"Karnataka",0.871835443037975,0.603681028066316,0.488538461112497,0.545844250105451,0.39622641509434,1,0.109152937954357,1,1,0.287839020122485,0.780470420527441
"160",2008,"Karnataka",1,0.478117034099816,0.606238107520952,0.591170886648312,0.943396226415094,0.166666666666667,0.114874640532994,0.75,0.210287443267776,0.0647419072615923,0.884533143264433
"161",2009,"Karnataka",0.921677215189873,0.49562966427127,0.681092269276931,0.577799090067977,1,0.472222222222222,0,0.75,0.273071104387292,0.0822397200349956,0.735566642908054
"162",2010,"Karnataka",0.828850210970464,1,1,1,0.660377358490566,0.638888888888889,0.0438981405955096,1,0.107413010590015,0.110236220472441,1
"163",2001,"Kerala",0.0937188434695912,0.0119826799779003,0,0.254960872828748,0.238095238095238,0.5625,0,0.366917293233083,0.955658134004756,0.236784140969163,0.204545454545455
"164",2002,"Kerala",0,0,0.168809067021431,0.257417157752286,0.619047619047619,0.4375,0.00921139101861993,0.18796992481203,1,0.312775330396476,0.175454545454545
"165",2003,"Kerala",0.636091724825523,0.29650901334978,0.183414720263304,0.4550475538567,0,0.3125,0.0208488499452355,0.35187969924812,0.870401454748916,0.992290748898678,0.162727272727273
"166",2004,"Kerala",1,0.328098780660165,0.293487290792091,0,1,0.3125,0.0257557502738226,0.392481203007519,0.862428311651979,1,0.180909090909091
"167",2005,"Kerala",0.834995014955135,0.357213891993987,0.29911890276916,0.610244763875657,0.571428571428571,0.25,0.0259912376779847,0.347368421052632,0.863687228983075,0,0
"168",2006,"Kerala",0.656031904287139,0.421467576353287,0.425031361883939,0.147101802819882,0.571428571428571,0.5625,0.238641840087623,0.842105263157895,0.0185340607077913,0.363436123348018,0.0672727272727273
"169",2007,"Kerala",0.774675972083749,0.398234591219211,0.30320414167667,0.206796090984443,0.666666666666667,0.625,0.246801752464403,1,0.0248286473632676,0.269823788546255,0.140909090909091
"170",2008,"Kerala",0.769690927218345,0.541877706253453,0.431922754197055,0.681480834619492,0.523809523809524,1,0.248148959474261,0.733834586466165,0.0737865435725276,0.269823788546255,0.790909090909091
"171",2009,"Kerala",0.888833499501495,0.696771126443871,0.728977288227005,1,0.714285714285714,0,1,0.41203007518797,0,0.319383259911894,0.790909090909091
"172",2010,"Kerala",0.74975074775673,1,1,0.997275945980237,0.952380952380952,0.25,0.97592004381161,0,0.002447894810463,0.357929515418502,1
"173",2001,"Lakshadweep",0.0227272727272727,0.05,0,0,0,0,0,0,0,0,0
"174",2002,"Lakshadweep",0.363636363636364,0.05,0.135929577464789,0.135929577464789,0,0,0,0,0,0,0
"175",2003,"Lakshadweep",0.0909090909090909,0.05,0.0277253521126761,0.0277253521126761,0,0,0.0857142857142857,0,0,0,0
"176",2004,"Lakshadweep",0,0.1,0,0.704225352112676,0,0,0,0,0,0,0
"177",2005,"Lakshadweep",0.136363636363636,0.1,0,0.704225352112676,0,0,0,0,0,0,0
"178",2006,"Lakshadweep",0,0.1,0,0.704225352112676,0,0,0,0,0,0,0
"179",2007,"Lakshadweep",0.5,0,0.122422535211268,0,0,0,0,0,0,0,0
"180",2008,"Lakshadweep",0.431818181818182,0.3,0.346464788732394,0.346464788732394,0,0,0,0,0,0,0
"181",2009,"Lakshadweep",1,0.9,0.329781690140845,0.329781690140845,0,0,0.171428571428571,0,0,0,0
"182",2010,"Lakshadweep",0.613636363636364,1,1,1,0,0,1,0,0,0,0
"183",2001,"Madhya Pradesh",0.284614413732172,0,0,0.0745850229657158,0,0,0.636024599067508,0,0,0,0
"184",2002,"Madhya Pradesh",0.118010854474315,0.000207452364353894,0.104346829243902,0.00028022158677653,1,0.91304347826087,0.797455979589904,0.927899686520376,1,0.373528026377767,0.0950115340253748
"185",2003,"Madhya Pradesh",0,0.0634599194795358,0.688822755530339,0,0.55,0.0652173913043478,0.752769901793125,0.931034482758621,0.0747992520074799,0.449364107395196,0.274221453287197
"186",2004,"Madhya Pradesh",0.265051117001136,0.0127703815917386,0.761787346355974,0.0434991082726394,0.1,0.195652173913043,1,1,0.033989660103399,0.543805934997645,0.340397923875433
"187",2005,"Madhya Pradesh",0.586646472295848,0.0757382047651326,0.886022562155799,0.111480491595843,0.875,0,0,0.22884012539185,0.0941590584094159,0.856806406029204,0.621251441753172
"188",2006,"Madhya Pradesh",0.652278177458034,0.153907944219436,1,0.175986629071308,0.125,0.41304347826087,0.297781850389095,0.191222570532915,0.16719832801672,0.893782383419689,1
"189",2007,"Madhya Pradesh",0.742143127603181,0.254306445737939,0.159095028874476,0.302056452818157,0.275,0.108695652173913,0.222288448576474,0.155172413793103,0.317346826531735,1,0.896914648212226
"190",2008,"Madhya Pradesh",1,0.443896196626246,0.562575550545972,0.501870634770393,0.775,0.543478260869565,0.362354402598054,0.373040752351097,0.772192278077219,0.163918982571832,0.563437139561707
"191",2009,"Madhya Pradesh",0.754007320459422,0.678766044389981,0.690052879072021,0.72985144519613,0.375,1,0.419287094959308,0.211598746081505,0.204817951820482,0.869288742345737,0.505190311418685
"192",2010,"Madhya Pradesh",0.566199671841474,1,0.892966048401,1,0.525,0.608695652173913,0.500629459834335,0.134796238244514,0.140248597514025,0.836552048987282,0.750865051903114
"193",2001,"Maharashtra",0.130490956072351,0,0,0.134357802834512,0,0.210526315789474,0.320041140800103,0.979757085020243,0.0133660057919358,0,0.183102020939859
"194",2002,"Maharashtra",0,0.111731553295483,0.2479471820209,0.171391303329511,0.339622641509434,0.342105263157895,0.443820666109552,1,0.128759189128982,0.151094500800854,0.00754808862916971
"195",2003,"Maharashtra",0.492764857881137,0.719938479231545,0.142908778219871,0.58309814494691,0.679245283018868,0.894736842105263,0,0.680161943319838,0.0652706616172867,0.170581954084357,0.0983686389091794
"196",2004,"Maharashtra",0.749354005167959,0.560598765196888,0.0299727981577835,0.732375887642858,1,0.526315789473684,0.457691401144229,0.214574898785425,0,0.0507207688200747,0.0394448502556611
"197",2005,"Maharashtra",0.880878552971576,0.556451193870093,0.228963041989127,0.75009324630237,0.339622641509434,0.75,0.889476954723692,0.259109311740891,0.27489418578748,0.0154831820608649,0
"198",2006,"Maharashtra",0.973385012919897,0.623417381695493,0.320802180344833,0,0.339622641509434,1,0.776425464441064,0.11336032388664,0.324571173980842,0.190603310197544,1
"199",2007,"Maharashtra",1,0.713605119340822,0.4177080145162,0.863275750088055,0.716981132075472,0.289473684210526,0.964530344911326,0.0161943319838057,0.223212296725329,0.428190069407368,0.568054541027514
"200",2008,"Maharashtra",0.984237726098191,0.581388581939359,0.504586594377159,0.739355717442436,0.377358490566038,0,0.703693386759233,0,1,1,0.239590942293645
"201",2009,"Maharashtra",0.73953488372093,0.91512027610447,0.968469532012884,0.973784414599366,0.207547169811321,0.223684210526316,1,0.206477732793522,0.402539541100468,0.970368392952483,0.259313367421476
"202",2010,"Maharashtra",0.583720930232558,1,1,1,0.0377358490566038,0.263157894736842,0.683958659209897,0.0647773279352227,0.310091334372912,0.706620395088094,0.406135865595325
"203",2001,"Manipur",0.290909090909091,0,0.0588978798304387,0.0170030965063231,0,0,0.223085780080599,0,0,0,1
"204",2002,"Manipur",0.536363636363636,0.150238015420717,0.122250248631717,0.0342618284905103,1,0,0.226827864133564,0,0,0,0.169811320754717
"205",2003,"Manipur",0.609090909090909,0.357934964800536,1,0,0.5,0,0.161965073882172,0,0,0,0
"206",2004,"Manipur",0.304545454545455,0.467261146496815,0.346075368284167,0.49315673250747,0,0,1,0,0,0,0
"207",2005,"Manipur",0.595454545454545,0.429661414683205,0.344242328576546,0.483823671855344,0,0,0.0195739781232009,0,0,0,0
"208",2006,"Manipur",0,0.975581629232317,0.0314645630669936,1,1,0,0.0174630589138361,0,0,0,0
"209",2007,"Manipur",0.209090909090909,0.25027153871941,0,0.324709468405765,0.5,0,0.0210132412204951,0,0,0,0.160377358490566
"210",2008,"Manipur",0.304545454545455,0.402158900435803,0.071920097335139,0.444246414532944,0,1,0.0213010938399539,0,0,0,0.160377358490566
"211",2009,"Manipur",0.609090909090909,0.358659068052296,0.248445280373916,0.407308040574186,0,0,0.0238917674150835,0,0,0,0.0377358490566038
"212",2010,"Manipur",1,1,0.212406807722204,0.936141788272682,0,0,0,0,0,0,0.0283018867924528
"213",2001,"Meghalaya",0.191860465116279,0,0.0421990621174806,0.263718402867573,0.25,1,1,0.238095238095238,0.0851063829787234,0,0
"214",2002,"Meghalaya",0.226744186046512,0.0591817836239607,0,0.0835774516073633,0.25,0.127272727272727,0.596812749003984,0.111111111111111,0.0106382978723404,0,0
"215",2003,"Meghalaya",0.36046511627907,0.0394108513898139,0.220893172290106,0.144212129048813,0.25,0,0.419601593625498,1,0,0,0
"216",2004,"Meghalaya",0,0.234147103204891,0.264803309275307,0.101698482649351,1,0,0,0.746031746031746,0.0957446808510638,0.0862068965517241,0
"217",2005,"Meghalaya",0.36046511627907,0.186497889178595,0.162291777886533,0.468041263464303,0.75,0,0.381354581673307,0,0.074468085106383,0.0574712643678161,0.952380952380952
"218",2006,"Meghalaya",0.744186046511628,0.259486929405235,0.217924504488416,0,0,0.0727272727272727,0.436175298804781,0.380952380952381,0.25531914893617,0.28735632183908,1
"219",2007,"Meghalaya",1,0.408853109525941,0.400724064092281,0.861411466383598,0.25,0.0727272727272727,0.790597609561753,0.476190476190476,0.372340425531915,0.632183908045977,0.357142857142857
"220",2008,"Meghalaya",0.732558139534884,1,0.607593580725247,1,0.5,0.127272727272727,0.519521912350598,0.396825396825397,1,1,0.476190476190476
"221",2009,"Meghalaya",0.947674418604651,0.318427860703101,1,0.0686173032369123,0.25,0.2,0.585657370517928,0.444444444444444,0.148936170212766,0.471264367816092,0
"222",2010,"Meghalaya",0.773255813953488,0.0349364900868425,0.746171179571688,0.113810988220844,0,0,0.650358565737052,0.0317460317460317,0.5,0.810344827586207,0
"223",2001,"Mizoram",0.519713261648746,0.00359141651453027,0.0288838726707893,0,0.25,0.166666666666667,0.285339824002996,0.348,0.808510638297872,0.289640591966173,0.969465648854962
"224",2002,"Mizoram",0.519713261648746,0.0311256097925957,0,0.0367816952096126,0.5,0.25,0.212881482868377,0,1,0.359408033826638,1
"225",2003,"Mizoram",0.444444444444444,0,0.126487636329056,0.539040309898133,1,0,0.00430630967983524,1,0.297872340425532,0.896405919661734,0.374045801526718
"226",2004,"Mizoram",0.881720430107527,0.101756801245024,0.0755728994815222,0.629072169127919,0.25,0.0833333333333333,0,0.7648,0.936170212765957,0.86892177589852,0.152671755725191
"227",2005,"Mizoram",0,0.28791189058151,0.164742953466488,0.334350229943354,0,1,1,0.652,0.127659574468085,0.488372093023256,0.801526717557252
"228",2006,"Mizoram",0.0573476702508961,0.704516206267022,0.0201770690510819,0.216126482793277,0,0,0.318105223740873,0.5184,0,1,0.236641221374046
"229",2007,"Mizoram",0.817204301075269,0.30609343668632,1,0.746140754564162,0.25,0.25,0.245459651750608,0.2968,0.617021276595745,0.914164904862579,0.198473282442748
"230",2008,"Mizoram",0.275985663082437,0.741941759195523,0.25428916697651,0.810317489539986,0,0.583333333333333,0.0447481744991575,0.4168,0.0425531914893617,0,0.099236641221374
"231",2009,"Mizoram",0.186379928315412,0.889489121000808,0.167794619542027,0.635740431741691,0,0.333333333333333,0.0498034076015727,0.2368,0.74468085106383,0,0
"232",2010,"Mizoram",1,1,0.226550865228713,1,0,0,0.137240217187793,0.1152,0.787234042553192,0.149260042283298,0.465648854961832
"233",2001,"Nagaland",0.947976878612717,0.120295085868401,0.348880485604134,0,0.4,0.4,1,0.0434782608695652,0.326666666666665,0,0
"234",2002,"Nagaland",0.751445086705202,0,0.364367156098761,0.0889848311511991,0,0,0.0651307044749668,0,0.326666666666665,0,0
"235",2003,"Nagaland",0.38728323699422,0.356435172331734,0,0.105165079142731,0,0,0.0256978289765175,0,0.326666666666665,0,0
"236",2004,"Nagaland",0.508670520231214,0.338777614722564,0.457714707571159,0.568885638932194,0,0,0.0159503766061143,0,0.326666666666665,0,0
"237",2005,"Nagaland",0.716763005780347,0.313298695117598,0.452382905422033,0.374404694783867,1,0,0.00487372618520159,0,0.32,0,0
"238",2006,"Nagaland",1,0.502867568317931,0.472643466491674,0.543896225106952,1,0,0,0,1,0,0
"239",2007,"Nagaland",0,0.37525086265022,0.505700926913297,0.430793473291202,0,1,0.0381036774479397,1,0.312727272727273,0,0
"240",2008,"Nagaland",0.682080924855491,0.533938841074049,0.521450250184562,0.575411214607207,0.4,0.4,0.0363314133805937,0.565217391304348,0.305454545454545,0,0
"241",2009,"Nagaland",0.705202312138728,0.722516162297228,0.5418341399393,0.747208014742396,0.2,0,0.0478511298183429,0.782608695652174,0.0218181818181818,0,0
"242",2010,"Nagaland",0.115606936416185,1,1,1,0.8,0.2,0.025254762959681,0.565217391304348,0,0,0
"243",2001,"Orissa",0,0.00333617499978028,0.0632426283407437,0.00709181561279407,1,0,1,1,0.351145038167939,0.110294117647059,0.432310469314079
"244",2002,"Orissa",0.260492824262118,0,0.0195086254135829,0,0.142857142857143,0.170731707317073,0.0947698292630214,0.396551724137931,0.958015267175573,0,0.0433212996389892
"245",2003,"Orissa",0.349851069591118,5.09742228628178e-05,0,0.00327591482621452,0.428571428571429,0.731707317073171,0.117282616526187,0.53448275862069,1,0.00630252100840336,0.00451263537906137
"246",2004,"Orissa",0.401570538857298,0.00906110754682158,0.032271601684158,0.0135536476051623,0.285714285714286,0.121951219512195,0.0522536800902913,0.362068965517241,0,1,0.157039711191336
"247",2005,"Orissa",0.618196588139724,0.0384837805296046,0.0715663085172057,0.0469707787597522,0,0.365853658536585,0.126347765530821,0.568965517241379,0.282442748091603,0.42594537815126,1
"248",2006,"Orissa",0.803953425399404,0.124519480062927,0.153342998050872,0.144922232021967,0.619047619047619,0.365853658536585,0.141014096006532,0,0.454198473282443,0.0514705882352941,0.277075812274368
"249",2007,"Orissa",1,0.226930209257973,0.331965706437673,0.261445202424737,0.428571428571429,1,0.164847633455803,0.0517241379310345,0.416030534351145,0.164915966386555,0
"250",2008,"Orissa",0.730571351204982,0.528832953956215,0.491062448410524,0.604950271292946,0.619047619047619,0.390243902439024,0.162710419518286,0.327586206896552,0.904580152671756,0.303571428571429,0.399819494584838
"251",2009,"Orissa",0.503384782020038,0.876037720924918,0.67757878016467,1,0.333333333333333,0.48780487804878,0,0.189655172413793,0.534351145038168,0,0.0740072202166065
"252",2010,"Orissa",0.204170051448687,1,1,0.338065210304532,0.904761904761905,0.365853658536585,0.0229270225488077,0.120689655172414,0.469465648854962,0.345588235294118,0.57129963898917
"253",2001,"Pondicherry",0.16,0,0.114706052473108,0.00534755255958223,0,1,0,0.870967741935484,0.567164179104478,0.495626822157434,1
"254",2002,"Pondicherry",0,0.0141813182837711,0.0583978317606199,0,0,1,0.330079630105317,0.548387096774194,0.835820895522388,0.516034985422741,0.8
"255",2003,"Pondicherry",0.32,0.0298338277500422,0.0331475085711635,0.0391407250172564,0,1,0.449267916773696,1,1,0.658892128279883,1
"256",2004,"Pondicherry",0.55,0.0731977908014374,0.169746178466348,0.090460962950308,0,1,0.702799897251477,0.645161290322581,0.970149253731343,0.793002915451895,1
"257",2005,"Pondicherry",0.42,0.114752912235005,0,0.138306607609528,1,0,0.896223991780118,1,0.328358208955224,1,1
"258",2006,"Pondicherry",0.66,0.115090562670333,0.131797878796687,0.123049704185151,0,0,0.71538659131775,0.612903225806452,0.522388059701492,0.329446064139942,1
"259",2007,"Pondicherry",1,0.185225381665581,0.248303457209657,0.120310777356637,0.666666666666667,0,0.672232211661957,0.354838709677419,0.328358208955224,0.122448979591837,0.7
"260",2008,"Pondicherry",0.54,0.382003231797024,0.366184297411225,0.396138854269786,0.333333333333333,0,0.616491137939892,0,0,0.0874635568513119,0.2
"261",2009,"Pondicherry",0.23,0.97129971299713,0.65571977073881,1,1,0,0.575648600051374,0.258064516129032,0.134328358208955,0.043731778425656,0.2
"262",2010,"Pondicherry",0.15,1,1,0.627399504228682,0,0,1,0.483870967741935,0.283582089552239,0,0
"263",2001,"Punjab",0,0,0.0572817929487049,0,0.5,0,1,0.113821138211382,0,0.0246913580246914,0.398901098901099
"264",2002,"Punjab",0.00948275862068966,0.0838788346494196,0,0.184151140731013,0,0.277777777777778,0.00678341914389868,1,0.23001588141874,0.0347923681257015,0.351648351648352
"265",2003,"Punjab",0.203103448275862,0.00987102404526593,1,0.112346977735058,0.1875,0.361111111111111,0,0.426829268292683,0.22710428798306,0.0269360269360269,0.341758241758242
"266",2004,"Punjab",0.518965517241379,0.217424791659444,0.131291583300321,0.204149031154874,0.65,0.388888888888889,0.00922620166109211,0.471544715447154,0.0870831127580731,0.0353535353535354,0.0010989010989011
"267",2005,"Punjab",0.452413793103448,0.309566407468758,0.16113231536743,0.353979447974435,0.85,0.555555555555556,0.00447217106993874,0.520325203252033,0.100847008999471,0.00673400673400673,0
"268",2006,"Punjab",0.527758620689655,0.577924417106158,0.159424545231065,0.420783187569545,0.6875,0.777777777777778,0.0102221053027171,0.601626016260163,1,0.0196408529741863,0.304395604395604
"269",2007,"Punjab",0.67551724137931,0.900554218283928,0.226366439110756,0.939214494867936,0.3875,0.916666666666667,0.00892555150512984,0.41869918699187,0.969825304393859,0,0.32967032967033
"270",2008,"Punjab",0.700172413793103,0.830005561777176,0.275789730430371,0.835310441956201,0.625,0.777777777777778,0.00708406929986095,0.349593495934959,0.122286924298571,0.00673400673400673,1
"271",2009,"Punjab",1,0.908274387036387,0.314088449204417,0.938407804837466,0.425,0.5,0.0281483708519674,0.378048780487805,0.0992588671254632,0.987654320987654,0.857142857142857
"272",2010,"Punjab",0.963793103448276,1,0.351528469578442,1,1,1,0.036510203314668,0,0.112228692429857,1,0.892307692307692
"273",2001,"Rajasthan",0.109808871258565,0,0.0671472686839304,0.0142943524005321,0.145454545454545,0.102564102564103,1,1,0.12874748710777,0.513253012048193,1
"274",2002,"Rajasthan",0,0.0179816714305741,0,0,0.2,0.128205128205128,0.557594131414838,0.108823529411765,0.00839087492352067,0.773493975903614,0.291304347826087
"275",2003,"Rajasthan",0.0557158312297151,0.0493094116277357,0.0279929596020278,0.0429386866610231,0.363636363636364,0.153846153846154,0.594335621495107,0.0794117647058823,0.012935932173761,1,0.322608695652174
"276",2004,"Rajasthan",0.141543454742157,0.128390274500859,0.0221119086013006,0.12716168823316,0.218181818181818,0.564102564102564,0.495609556871554,0.126470588235294,0.0804125513504064,0.612048192771084,0.111594202898551
"277",2005,"Rajasthan",0.109448250991706,0.142159273700142,0.0460893118748748,0.144123836014028,0,0,0.307022090971448,0.167647058823529,0.0101389738659208,0.833734939759036,0.17768115942029
"278",2006,"Rajasthan",0.287955283086909,0.197525144164629,0.141872450754103,0.206124077881243,0.272727272727273,0.205128205128205,0.0707392804595173,0.0941176470588235,0.000699239576960056,0.0481927710843374,0.114202898550725
"279",2007,"Rajasthan",0.414893617021277,0.387646629743414,0.663726141166303,0.391875680251542,0.545454545454545,1,0.00264421440651786,0.258823529411765,0,0.325301204819277,0
"280",2008,"Rajasthan",0.565091958168049,0.627754690844982,0.447550089058926,0.626883540936026,0.272727272727273,0.102564102564103,0.0300445589398009,0.267647058823529,1,0.0265060240963855,0.0660869565217391
"281",2009,"Rajasthan",1,1,0.689516341522539,0.678768895876164,1,0.179487179487179,0,0.479411764705882,0.0602220085656848,0.103614457831325,0.0571014492753623
"282",2010,"Rajasthan",0.86693112152903,0.999149387107275,1,1,0.909090909090909,0.230769230769231,0.0936784949445762,0,0.117384843982169,0,0.158260869565217
"283",2001,"Sikkim",0.244897959183673,0,0.302718776679324,0,0,0,0,0.142857142857143,0.0641025641025641,0.687150837988827,0.119565217391304
"284",2002,"Sikkim",0.102040816326531,0,1,0,0,0,0.007996632996633,0.0714285714285714,0.115384615384615,0.0446927374301676,0.0869565217391304
"285",2003,"Sikkim",0.0918367346938776,0.504056824416019,0,0.674043206694839,0,0,0.087962962962963,0.928571428571429,0,0.111731843575419,0
"286",2004,"Sikkim",0,0.560621372679237,0.108567458213264,0.746857737565078,0,1,0.480850168350168,0.571428571428571,0.0576923076923077,0,0.0108695652173913
"287",2005,"Sikkim",0.336734693877551,0.561458724338059,0.128274892059367,0.480201742082638,0,0,0.669402356902357,0.428571428571429,0.0384615384615385,0.223463687150838,0
"288",2006,"Sikkim",0.642857142857143,0.422429474778391,0.0390084596529054,0.228215130850174,0,0.5,0.601641414141414,0,0.115384615384615,0.35195530726257,0
"289",2007,"Sikkim",0.653061224489796,0.577094101001935,0.329541490753189,0.207149620068476,0.5,0,1,0.142857142857143,1,1,0.673913043478261
"290",2008,"Sikkim",1,0.880042156324892,0.407199419899617,0.916473089805644,0,0.5,0.780723905723906,0,0.833333333333333,0.553072625698324,0.804347826086957
"291",2009,"Sikkim",0.316326530612245,1,0.73886627096915,1,1,0,0.761574074074074,0.714285714285714,0.384615384615385,0.340782122905028,1
"292",2010,"Sikkim",0.459183673469388,0.654166531920423,0.896535268617959,0.582864993995221,0,0.5,0.510732323232323,1,0.391025641025641,0.960893854748603,0.760869565217391
"293",2001,"Tamilnadu",0.841470353931945,0,0.0667383946027589,0.265372673860716,0.108695652173913,1,0.414431847952938,0.208374287399253,0.481385919646148,0,1
"294",2002,"Tamilnadu",0.913736201206327,0.0890137620890774,0,0.324547560354007,0.326086956521739,0.817307692307692,0.937980803582061,0.802634165519953,0.206782159970512,0.397916204832631,0.661241887048339
"295",2003,"Tamilnadu",1,0.157870603155613,0.0706142808099546,0.375833637166713,0.826086956521739,0.288461538461538,0.974325386429133,0.999213681934342,0,0.419640877854134,0.680809842100165
"296",2004,"Tamilnadu",0.823489245476272,0.466257740954314,0.474123411652964,0.460792796518704,0.695652173913043,0.240384615384615,1,1,0.00663472171028382,0.738638882731102,0.0669379056475831
"297",2005,"Tamilnadu",0.775577557755776,0.354450040449025,0.521042794444899,0,0.630434782608696,0.173076923076923,0.0963572058017958,0.306074307057205,0.846295613711758,0.681223675459987,0.575026639542769
"298",2006,"Tamilnadu",0.545123477865028,0.416475412056047,0.225624449662232,0.0271799364761495,1,0.278846153846154,0.0557077190558983,0.290151366227639,0.800589753040914,0.711372201285746,0.576867189770416
"299",2007,"Tamilnadu",0.311027654489587,0.481211516020051,0.502473899967707,0.0124127272628331,0.0869565217391304,0.442307692307692,0.0127539476504632,0.223707489679575,1,0.658168920416759,0
"300",2008,"Tamilnadu",0.266074883350404,0.607669182317358,0.35677452712377,0.741593792003831,0,0.240384615384615,0.32054564508062,0.0326321997247887,0.977515665315149,0.184216360008867,0.868449094255546
"301",2009,"Tamilnadu",0.0562194150449528,0.762219785991095,0.942898623375741,0.843563902055002,0.108695652173913,0.0384615384615385,0.0423345321170839,0.0273245527816002,0.147438260228529,0.79405896696963,0.743969776227841
"302",2010,"Tamilnadu",0,1,1,1,0.282608695652174,0,0,0,0.0383339476594176,1,0.89537925021796
"303",2001,"Tripura",0.193899782135076,0,0,0,0.666666666666667,0.0833333333333333,0.605475504322767,0.142857142857143,0.539583333333333,0,1
"304",2002,"Tripura",0.196078431372549,0.00443604236316553,0.118196326563943,0.00513801640355789,0,0,0.745417867435158,0,0.539583333333333,0,0.715463917525773
"305",2003,"Tripura",0.980392156862745,0.00262565039966007,0.00715003141137761,0.00304114201782215,0,0,1,0,0,0,0.687628865979381
"306",2004,"Tripura",0.684095860566449,0.151073109331281,0.249622871846001,0.174979418665135,0.333333333333333,0.0833333333333333,0.849394812680115,0.938775510204082,0.229166666666667,0.262295081967213,0.0979381443298969
"307",2005,"Tripura",1,0.275516912395475,0.428175696172529,0.261570602855936,0.833333333333333,0.166666666666667,0.632103746397695,0.571428571428571,0.229166666666667,0.934426229508197,0.211340206185567
"308",2006,"Tripura",0.912854030501089,0.404690894805622,1,0.0176304335132625,0.833333333333333,1,0.440749279538905,0.326530612244898,0.45,0.245901639344262,0.193814432989691
"309",2007,"Tripura",0.797385620915033,0.51708476641733,0.676506957524329,0.11273206560086,0.166666666666667,0,0,0.142857142857143,1,1,0
"310",2008,"Tripura",0.712418300653595,0.685130400622139,0.657816893041827,0.617009875252076,1,0,0.0385590778097983,1,0.891666666666667,0,0.165979381443299
"311",2009,"Tripura",0.0806100217864924,0.794666121493454,0.638408243548286,0.680141207049046,0.666666666666667,0.333333333333333,0.116253602305476,0.959183673469388,0.7375,0,0.122680412371134
"312",2010,"Tripura",0,1,0.789564774800617,1,0.166666666666667,0.166666666666667,0.0956772334293948,0.306122448979592,0.779166666666667,0,0.117525773195876
"313",2001,"Uttar Pradesh",0.0830979142874316,0,0.241541022986934,0.0599630578525154,0,0.0253164556962025,0.932908453212688,0.111363636363636,0.194705023973317,0.365354818717075,1
"314",2002,"Uttar Pradesh",0.0509106209052113,0.0629282062119046,0.0198999570337676,0,0.00847457627118644,1,1,0.509297520661157,1,0.619770684846607,0.794689282649301
"315",2003,"Uttar Pradesh",0,0.0991241377437722,0,0.143406538522822,0.173728813559322,0.810126582278481,0.817537537892616,0.826239669421488,0.643318740879717,1,0.816901408450704
"316",2004,"Uttar Pradesh",0.0353128568852558,0.076526088747903,0.0295295197547019,0.132563601077367,0.076271186440678,0.531645569620253,0.281124414890708,0,0.0771315405461747,0,0
"317",2005,"Uttar Pradesh",0.185940974935385,0.0951883652814293,0.0653037907935082,0.153241788893959,0.326271186440678,0.379746835443038,0.594107448753516,0.419421487603306,0.268709610173025,0.51874806321661,0.532939572921399
"318",2006,"Uttar Pradesh",0.485003305884474,0.109431309330843,0.15680355643224,0.184044304042115,0.411016949152542,0.721518987341772,0.571515985474066,0.377066115702479,0.0254325620179279,0.801673380849086,0.49144328335605
"319",2007,"Uttar Pradesh",0.770842098936106,0.0925165072705185,0.208850067378865,0.168402765596474,0.394067796610169,0.354430379746835,0.583669704973374,1,0.0894308943089431,0.701270529903936,0.731334242011207
"320",2008,"Uttar Pradesh",0.909959728316403,0.342127215480532,0.607459523856024,0.441284910093366,0.88135593220339,0.848101265822785,0.802386403442002,0.671487603305785,0,0.572977998140688,0.731536170427583
"321",2009,"Uttar Pradesh",1,0.515175001269109,0.828480508954553,0.528986216284932,0.970338983050847,0.316455696202532,0.00184751907748199,0.722107438016529,0.167396289347509,0.407809110629067,0.584330354889192
"322",2010,"Uttar Pradesh",0.965979443409268,1,1,1,1,0,0,0.711776859504132,0.135918282259746,0.402231174465448,0.56620727951941
"323",2001,"Uttaranchal",0,0,0,0.235279584167979,0.181818181818182,0.333333333333333,0.250669918192001,0.0813953488372093,0.545146453643185,0.508928571428571,0.406493506493507
"324",2002,"Uttaranchal",0.0550678371907422,0.0444568774725084,0.0137244101036668,0.362411990711742,0.363636363636364,0.5,0.250840056145525,0.22093023255814,0,0.642857142857143,0.319480519480519
"325",2003,"Uttaranchal",0.112529928172386,0.0425217976838259,0.281028824343521,0.0735560489526331,0.181818181818182,0.333333333333333,0.459698572259007,0,0.753812636165577,0,0
"326",2004,"Uttaranchal",0.0598563447725459,0.0423237494491783,0.317923177503802,0.313219763296398,0,0.333333333333333,0.48845188640456,0,0.827886710239651,0.0133928571428571,0.012987012987013
"327",2005,"Uttaranchal",0.0478850758180367,0.0614839754222141,0.243691134286571,0.411301536000665,0.272727272727273,0.5,0.348314925351973,0.534883720930233,0.200435729847495,0.325892857142857,0.367532467532468
"328",2006,"Uttaranchal",0.282521947326417,0.185346985458308,0.38090905771769,0,0.909090909090909,1,0.460917894259262,0.209302325581395,1,0.303571428571429,0.531168831168831
"329",2007,"Uttaranchal",0.33439744612929,0.273971510761446,0.52943295715591,0.428350203944499,0.181818181818182,0,0,1,0.655773420479303,1,0.268831168831169
"330",2008,"Uttaranchal",0.753391859537111,0.716078050809275,0.425769965615809,0.722910051011323,0.363636363636364,0.25,0.45302065758319,0.941860465116279,0.830065359477124,0.973214285714286,0.268831168831169
"331",2009,"Uttaranchal",0.971268954509178,0.906971317664417,0.671148318772474,0.48484231629944,0.272727272727273,0.166666666666667,1,0.0697674418604651,0.453159041394335,0.727678571428571,1
"332",2010,"Uttaranchal",1,1,1,1,1,0.25,0.993619826742851,0.0581395348837209,0.185185185185185,0.294642857142857,0.71038961038961
"333",2001,"West Bengal",0,0.0331135409085728,0,0.0797494747748661,0.4,0.5,0.491381088487492,0.658795749704841,0.165497076023392,0.0085397096498719,0.02231616201337
"334",2002,"West Bengal",0.81136623113028,0.00604575306671811,0.190194878491852,0,0,0.55,0,0,0.24327485380117,0,0.00943767204089658
"335",2003,"West Bengal",0.500063427629075,0.00763172200934702,0.662046334567746,0.164439291532222,0.327272727272727,0.75,0.0544980404867843,0.541912632821724,0,0.00711642470822659,0.0114038537160834
"336",2004,"West Bengal",0.503869085373589,0,0.742228063161089,0.104906786880157,0.418181818181818,0.2,0.370318531396411,0.649350649350649,0.311695906432749,0.116424708226587,0
"337",2005,"West Bengal",0.737155905112267,0.0394902978596544,0.808719295041407,0.134010384989752,0.2,0,0.909656127530424,0.724911452184179,0.421637426900585,0.114147452319954,0.00521038143924499
"338",2006,"West Bengal",0.741595839147533,0.116523231650109,0.878535253686032,0.185775501463261,0.854545454545454,0.25,0.787252850870731,0.476977567886659,0.756140350877193,0.77512097922004,1
"339",2007,"West Bengal",0.792972218698465,0.34187769077661,0.622094736795397,0.367371327870901,0.981818181818182,0.6,0.877095795149836,0.527744982290437,0.635672514619883,0.541702248790208,0.310656704679512
"340",2008,"West Bengal",1,0.47146790358361,0.748004336578107,0.543485374212846,1,0.8,0.931785367003565,0.822904368358914,1,1,0.4226307510814
"341",2009,"West Bengal",0.664594697450209,0.810374231676414,0.94833618447996,0.850699103156834,0.727272727272727,1,0.953590476471108,1,0.357894736842105,0.814118986621122,0.171647660243807
"342",2010,"West Bengal",0.782950653304579,1,1,1,0.745454545454545,0.4,1,0.811097992916175,0.584795321637427,0.847139197267293,0.315867086118757
